Season,Name,Team,K/9,BB/9,K/BB,HR/9,K%,BB%,K-BB%,AVG,WHIP,BABIP,LOB%,ERA-,FIP-,xFIP-,ERA,FIP,E-F,xFIP,SIERA,NameASCII,PlayerId,MLBAMID
2019,"Jacob deGrom","NYM",11.25,1.9411764705882353,5.79545455,0.8382352941176471,0.31716418,0.05472637,0.26243781,0.20451527224435592,0.9705882352941176,0.2818371607515658,0.81838565,59.25662587551932,61.54418246601696,69.88716205917305,2.426470588235294,2.6747937894334983,-0.2483232011982044,3.1119300347771133,3.2874872504897974,"Jacob deGrom",10954,594798
2019,"Justin Verlander","HOU",12.107624146850595,1.6950673805590835,7.14285714,1.4529148976220716,0.35419126,0.04958678,0.30460449,0.17146433041301626,0.8026906378837988,0.21814254859611232,0.88410104,57.24857662426918,72.1711994547438,69.6835135859621,2.582959817994794,3.2678211385829,-0.684861320588106,3.1762127172449865,2.9516052608763834,"Justin Verlander",8700,434378