Season,Name,Team,K/9,BB/9,K/BB,HR/9,K%,BB%,K-BB%,AVG,WHIP,BABIP,LOB%,ERA-,FIP-,xFIP-,ERA,FIP,E-F,xFIP,SIERA,NameASCII,PlayerId,MLBAMID
2014,"Corey Kluber","CLE",10.272984884733548,1.9476662792617507,5.2745098,0.5346534884247943,0.28286015,0.05362776,0.22923239,0.23154362416107382,1.0947666667745788,0.3158756137479542,0.78559738,63.031701564662235,61.909623384567325,67.96312656614018,2.44413023279906,2.3472450626348644,0.09688517016419551,2.5661817656355796,2.6121526364876417,"Corey Kluber",2429,446372
2014,"Clayton Kershaw","LAD",10.845377595000574,1.4067226169247606,7.70967742,0.4084033403975112,0.31909212,0.04138852,0.2777036,0.1941340782122905,0.8571428131799618,0.2777777777777778,0.81555834,51.06096971155101,49.4023418762891,55.845475570952075,1.769747808389215,1.8112438330486311,-0.04149602465941604,2.0750736999186525,2.0873697980701875,"Clayton Kershaw",2036,477132