Season,Name,Team,K/9,BB/9,K/BB,HR/9,K%,BB%,K-BB%,AVG,WHIP,BABIP,LOB%,ERA-,FIP-,xFIP-,ERA,FIP,E-F,xFIP,SIERA,NameASCII,PlayerId,MLBAMID
2018,"Blake Snell","TBR",11.009225712130823,3.1881920614315504,3.453125,0.7970480153578876,0.31571429,0.09142857,0.22428571,0.1763779527559055,0.9741697965485293,0.24120603015075376,0.87968952,46.139552792404494,72.42198923046553,74.74292536452795,1.892989036474983,2.9445644049490522,-1.0515753684740692,3.1553982708037283,3.299520814986216,"Blake Snell",13543,605483
2018,"Jacob deGrom","NYM",11.15668202764977,1.9078341013824884,5.84782609,0.4147465437788018,0.32215569,0.05508982,0.26706587,0.19387755102040816,0.9124423963133641,0.2811881188118812,0.82010582,44.61531210293354,49.2756315568296,63.7262528780322,1.7004608294930876,1.9853163684018753,-0.2848555389087877,2.6040187448949865,2.783694352050858,"Jacob deGrom",10954,594798