Season,Name,Team,K/9,BB/9,K/BB,HR/9,K%,BB%,K-BB%,AVG,WHIP,BABIP,LOB%,ERA-,FIP-,xFIP-,ERA,FIP,E-F,xFIP,SIERA,NameASCII,PlayerId,MLBAMID
2010,"Félix Hernández","SEA",8.36315069744786,2.5233644345747854,3.31428571,0.6128170769681622,0.23176823,0.06993007,0.16183816,0.21018418201516792,1.0574098582980054,0.2626112759643917,0.7735697,58.577584918020584,75.28903832738843,75.06379211597816,2.271027991117307,3.0417943629489805,-0.7707663718316735,3.1398020869193735,3.182342682897116,"Felix Hernandez",4772,433587
2010,"Roy Halladay","PHI",7.863031755345289,1.0771276377185326,7.3,0.8617021101748261,0.22054381,0.03021148,0.19033233,0.2413793103448276,1.041223383127915,0.28991596638655465,0.8269066,60.597587411760735,75.2237214773872,70.24543859095215,2.4414893121620076,3.0060339171188133,-0.5645446049568057,2.799082366443503,2.883465258808585,"Roy Halladay",1303,136880