Season,Name,Team,K/9,BB/9,K/BB,HR/9,K%,BB%,K-BB%,AVG,WHIP,BABIP,LOB%,ERA-,FIP-,xFIP-,ERA,FIP,E-F,xFIP,SIERA,NameASCII,PlayerId,MLBAMID
2011,"Justin Verlander","DET",8.964142881346751,2.0438245769470593,4.38596491,0.8605577166092881,0.25799794,0.05882353,0.19917441,0.19141914191419143,0.9203186691515999,0.23622047244094488,0.80339321,57.563612100570296,73.85759129039756,77.340404491025,2.4023902922009293,2.9935137777592944,-0.5911234855583651,3.1218584037404464,2.981457560179804,"Justin Verlander",8700,434378
2011,"Clayton Kershaw","LAD",9.565713868682257,2.0828570520517817,4.59259259,0.5785714033477172,0.27192982,0.05921053,0.2127193,0.20350877192982456,0.9771428145428112,0.2685810810810811,0.78571429,62.42417652710416,64.61904852089333,73.63180835023253,2.2757141865010206,2.4682434529285033,-0.1925292664274827,2.843920128827493,2.800881851599461,"Clayton Kershaw",2036,477132