Season,Name,Team,K/9,BB/9,K/BB,HR/9,K%,BB%,K-BB%,AVG,WHIP,BABIP,LOB%,ERA-,FIP-,xFIP-,ERA,FIP,E-F,xFIP,SIERA,NameASCII,PlayerId,MLBAMID
2015,"Dallas Keuchel","HOU",8.379309793714997,1.9784481457382632,4.23529412,0.6594827152460877,0.23710209,0.05598244,0.18111965,0.21561771561771562,1.01724131240573,0.2688,0.79365079,64.00249200177085,72.15060267517428,67.85859605008834,2.4827584573970363,2.909455833707212,-0.4266973763101758,2.751952633191061,2.8390805172046254,"Dallas Keuchel",9434,572971
2015,"Jake Arrieta","CHC",9.27510855228417,1.8864627563967804,4.91666667,0.39301307424932924,0.27126437,0.05517241,0.21609195,0.18382352941176472,0.8646287633485243,0.24561403508771928,0.8,45.02821614215486,60.56101946096921,67.5064228660908,1.7685588341219818,2.347567601501342,-0.57900876737936,2.6111568906600913,2.745919551774185,"Jake Arrieta",4153,453562