Season,Name,Team,K/9,BB/9,K/BB,HR/9,K%,BB%,K-BB%,AVG,WHIP,BABIP,LOB%,ERA-,FIP-,xFIP-,ERA,FIP,E-F,xFIP,SIERA,NameASCII,PlayerId,MLBAMID
2017,"Max Scherzer","WSN",12.019933250150123,2.4667773461128983,4.87272727,0.9867109384451593,0.34358974,0.07051282,0.27307692,0.17647058823529413,0.9019933326190598,0.24528301886792453,0.80645161,56.67089653943221,65.8527512182182,75.99765705737502,2.511627843314951,2.898503488157563,-0.38687564484261205,3.281608885374565,2.976355347097688,"Max Scherzer",3137,453286
2017,"Corey Kluber","CLE",11.7103115505243,1.5908347766749993,7.36111111,0.9279869530604162,0.34105534,0.04633205,0.2947233,0.19157608695652173,0.8690671465168978,0.26666666666666666,0.82568807,49.43390574283145,56.58196148406828,57.23815728342764,2.2536826002895824,2.4997018544779106,-0.24601925418832815,2.521766254791925,2.6819544199347165,"Corey Kluber",2429,446372